{
  "project_info": {
    "project_number": "341050433977",
    "project_id": "cycleplanner-c70a6",
    "storage_bucket": "cycleplanner-c70a6.appspot.com"
  },
  "client": [
    {
      "client_info": {
        "mobilesdk_app_id": "1:341050433977:android:769b42824057c55cc01668",
        "android_client_info": {
          "package_name": "com.example.cycle_planner"
        }
      },
      "oauth_client": [
        {
          "client_id": "341050433977-bqj6uauia8k24aic4us23b117d2v198b.apps.googleusercontent.com",
          "client_type": 3
        }
      ],
      "api_key": [
        {
          "current_key": "AIzaSyBYq11otDn3lcyBALq4YpuaIouYIRGB2fg"
        }
      ],
      "services": {
        "appinvite_service": {
          "other_platform_oauth_client": [
            {
              "client_id": "341050433977-bqj6uauia8k24aic4us23b117d2v198b.apps.googleusercontent.com",
              "client_type": 3
            }
          ]
        }
      }
    }
  ],
  "configuration_version": "1"
}